<BackupInst xmlns="http://www.microsoft.com/GroupPolicy/GPOOperations/Manifest"><GPOGuid><![CDATA[{1042278D-14DD-44F8-A5FD-8E01B8FDF47A}]]></GPOGuid><GPODomain><![CDATA[test.local]]></GPODomain><GPODomainGuid><![CDATA[{1e105df2-0e04-4f81-b692-ee3101daa460}]]></GPODomainGuid><GPODomainController><![CDATA[kvad.test.local]]></GPODomainController><BackupTime><![CDATA[2016-06-23T13:53:19]]></BackupTime><ID><![CDATA[{F3476E8D-071A-43B5-9DE4-8DFFF59C5652}]]></ID><Comment><![CDATA[Awingu gpo ]]></Comment><GPODisplayName><![CDATA[AwinguGPO]]></GPODisplayName></BackupInst>
