<BackupInst xmlns="http://www.microsoft.com/GroupPolicy/GPOOperations/Manifest"><GPOGuid><![CDATA[{ED8BAF12-E630-4BE9-9959-37B25DA4665A}]]></GPOGuid><GPODomain><![CDATA[test.local]]></GPODomain><GPODomainGuid><![CDATA[{04e03180-5121-4846-b31b-d12ca8e93af8}]]></GPODomainGuid><GPODomainController><![CDATA[awingu-ad.test.local]]></GPODomainController><BackupTime><![CDATA[2016-06-28T09:56:36]]></BackupTime><ID><![CDATA[{11BEC381-C99F-4606-98BA-E22B8CDF2F13}]]></ID><Comment><![CDATA[Awingu gpo]]></Comment><GPODisplayName><![CDATA[AwinguGPO]]></GPODisplayName></BackupInst>
